model,nDCG
bprmf,0.09065395712021784
multidae,0.09822015474396942
user_knn,0.1228255932999038
wrmf,0.10569619122370692
