model,nDCG
bprfm,0.07846279427103059
multidae,0.08948555888121473
user_knn,0.10684439163012303
wrmf,0.0946207544135028
