model,nDCG
bprmf,0.04531608917452103
multidae,0.028675771518313943
user_knn,0.04646482963322535
wrmf,0.10318965553975158
