model,nDCG
bprmf,0.12047927416966903
multidae,0.12793301904969573
user_knn,0.16082855020400535
wrmf,0.1398938347595801
