model,nDCG
bprmf,0.01512543203024713
multidae,0.014337661135144375
user_knn,0.021408119320153293
wrmf,0.09061978951005562
