model,nDCG
bprmf,0.13792244669498044
multidae,0.14858456589515248
user_knn,0.1753015211372696
wrmf,0.16788044336196958
