model,nDCG
bprmf,0.0910575256904613
multidae,0.10319603784851712
user_knn,0.11455545298822618
wrmf,0.11367400296088198
