model,nDCG
bprmf,0.1025226843842609
multidae,0.11393231144395118
user_knn,0.13350264862801567
Wwrmf,0.1272993707614903
