original,0.5,0.5,0.5
PerBlur pred,0.5916687249444266,0.6064826249691257,0.6669731917238235
PerBlur avg,0.6729700854700855
FairRecSys,0.6576243201243201
filtered,0.5258033738454545

