model,nDCG
bprmf,0.08453237662142625
item-knn,0.11030808110787546
most-pop,0.08696419380768247
user-knn,0.1133623393971355
