model,nDCG
bprmf,0.09599986688411764
item-knn,0.13082829814481567
most-pop,0.09919695584006857
user-knn,0.13226631355865628
