model,nDCG
bprmf,0.12285100412508772
item-knn,0.1756122299505545
most-pop,0.1264355037114672
user-knn,0.177099863601331
