model,nDCG
bprmf,0.07914397571475998
multidae,0.09481370118895327
user_knn,0.10741271952928454
wrmf,0.09949990709787862
