model,nDCG
bprmf,0.12123262788136337
multidae,0.12864261798174265
user_knn,0.16182883000507006
wrmf,0.14602567376117415
