model,nDCG
bprmf,0.02380453113382362
multidae,0.01979376128085588
user_knn,0.03015365221748122
wrmf,0.09130040379820976
