model,nDCG
bprmf,0.09171549733289258
multidae,0.09996247588188449
user_knn,0.1233693440953195
wrmf,0.11090621609502965
