model,nDCG
bprmf,0.0152752763743576
multidae,0.01427584988363466
user_knn,0.021283275030527123
wrmf,0.0913967803334247
