model,nDCG
bprmf,0.12285100412508772
multidae, 0.16422901521996705
user-knn,0.177099863601331
wrmf, 0.15342087419897332