model,nDCG
bprmf,0.08453237662142625
multidae, 0.09886951961050039
user-knn,0.1133623393971355
wrmf, 0.10658497748231176
