model,nDCG
bprmf,0.09599986688411764
multidae, 0.11850907142570417
user-knn,0.13226631355865628
wrmf, 0.11835828090352712

