model,nDCG
bprmf,0.07996153429465397
wrmf,0.10658497748231176
