model,nDCG
bprmf,0.11209833161938594
wrmf,0.15342087419897332
