model,nDCG
bprmf,0.11209833161938594
wrmf,0.008975453
