model,nDCG
bprmf,0.0888337415937206
wrmf,0.0052331459
