model,nDCG
bprmf,0.07996153429465397
wrmf,0.003933431
