model,nDCG
bprmf,0.12064342264350869
multidae,0.12842732802952367
user_knn,0.1600890868054911
wrmf,0.1439920887469307
