model,nDCG
bprmf,0.09148984547790454
multidae,0.10060321061013056
user_knn,0.12171271818820302
wrmf,0.10959588967880633
