model,nDCG
bprmf,0.07848400465593612
multidae,0.09605905791444493
user_knn,0.10569067214680022
wrmf,0.09780538026530741
