original,0.5
PerBlur pred,0.6669731917238235
PerBlur avg,0.6669731917238235
fairgo,0
filtered,0.5