model,nDCG
bprmf,0.024376542125472824
multidae,0.019672687619145274
user_knn,0.030124773635344722
wrmf,0.092019423188398
