model,nDCG
bprmf,0.04631062574019705
multidae,0.028636378610647693
user_knn,0.04641783711700194
wrmf,0.10388926884635913
