model,nDCG
bprmf,0.037782770801202355
multidae,0.08776979778688446
user_knn,0.09923823637126822
wrmf,0.06818073126187633
