model,nDCG
bprmf,0.02832633188310383
multidae,0.06572422797436434
user_knn,0.07625558066101906
wrmf,0.051599487082138275
