model,nDCG
bprmf,0.05578853493953271
multidae,0.12262867168178421
user_knn,0.1329029186103785
wrmf,0.09779028462944415
