model,nDCG
bprmf,0.08045133692167325
wrmf,0.10658497748231176
