model,nDCG
bprmf,0.11183318430213154
wrmf,0.008933
