model,nDCG
bprmf,0.09023991214767829
wrmf,0.11835828090352712

