model,nDCG
bprmf,0.08045133692167325
wrmf,0.003700614
