model,nDCG
bprmf,0.09023991214767829
wrmf,0.00514

